ID,Title,Content,Excerpt,Date,"Post Type",Permalink
228406,"Sunset Itapecuru",Reuso,,"2023-08-30 19:14:28",empreendimento,https://aconchegou.com/empreendimento/sunset/
228453,"Neo Alphaville",,,"2023-08-24 19:27:16",empreendimento,https://aconchegou.com/empreendimento/mpd-neo-alphaville/
228584,Signature,,,"2023-09-05 14:22:25",empreendimento,https://aconchegou.com/empreendimento/signature-alphaville/
228614,"Ekko Live Alpha One - Casas",,,"2023-09-11 17:51:31",empreendimento,https://aconchegou.com/empreendimento/ekko-live-alpha-one-casas/
228679,"Vista Alta",,,"2023-09-11 19:21:58",empreendimento,https://aconchegou.com/empreendimento/vista-alta/
228683,Vitra,,,"2023-09-11 19:37:28",empreendimento,https://aconchegou.com/empreendimento/vitra-alphaville/
228713,MOB,,,"2023-09-11 21:05:16",empreendimento,https://aconchegou.com/empreendimento/mob/
228729,"Ekko Live Alpha One - Apartamentos",,,"2023-09-11 21:34:26",empreendimento,https://aconchegou.com/empreendimento/ekko-live-alpha-one-apartamentos/
228771,"Ekko Live 2 Alpha Senses",,,"2023-09-12 00:48:39",empreendimento,https://aconchegou.com/empreendimento/ekko-live-2-alpha-senses/
228772,Garden,,,"2023-09-12 02:17:27",empreendimento,https://aconchegou.com/empreendimento/ekko-garden-sao-francisco/
229019,Altto,,,"2023-10-13 19:12:59",empreendimento,https://aconchegou.com/empreendimento/altto/
229020,Ápice,,,"2023-10-13 18:35:41",empreendimento,https://aconchegou.com/empreendimento/apice/
229120,"Infinity Home Club",,,"2023-10-13 20:37:32",empreendimento,https://aconchegou.com/empreendimento/infinity/
229161,Trend,,,"2023-10-13 21:32:44",empreendimento,https://aconchegou.com/empreendimento/trend/
229509,Griffe,,,"2023-10-14 18:44:40",empreendimento,https://aconchegou.com/empreendimento/griffe/
229514,Art,,,"2023-10-14 18:52:08",empreendimento,https://aconchegou.com/empreendimento/art/
229515,"Air Home Clube & Residences",,,"2023-10-14 19:43:25",empreendimento,https://aconchegou.com/empreendimento/air-home-clube-residences/
229516,Marcco,,,"2023-10-14 20:09:37",empreendimento,https://aconchegou.com/empreendimento/marcco/
229517,Natu,,,"2023-10-14 22:23:04",empreendimento,https://aconchegou.com/empreendimento/natu/
229520,"DUQ Central Houses",,,"2023-10-14 22:35:27",empreendimento,https://aconchegou.com/empreendimento/duq-central-houses/
229521,"Canto da Mata",,,"2023-11-12 22:45:01",empreendimento,https://aconchegou.com/empreendimento/canta-mata/
229523,"Alto da Mata",,,"2023-10-16 05:59:49",empreendimento,https://aconchegou.com/empreendimento/altodamata/
229638,Iconic,,,"2023-10-19 16:03:30",empreendimento,https://aconchegou.com/empreendimento/iconic/
229673,"Helbor New Patteo",,,"2023-10-22 18:47:17",empreendimento,https://aconchegou.com/empreendimento/helbor-new-patteo/
229720,Legend,,,"2023-10-23 19:35:39",empreendimento,https://aconchegou.com/empreendimento/legend/
229863,Fiori,,,"2023-10-26 21:08:04",empreendimento,https://aconchegou.com/empreendimento/fiori/
229864,Shape,,,"2023-10-26 20:56:42",empreendimento,https://aconchegou.com/empreendimento/shape/
229928,"On The Park",,,"2023-10-30 20:20:00",empreendimento,https://aconchegou.com/empreendimento/on-the-park/
229929,Oásis,,,"2023-10-30 20:42:07",empreendimento,https://aconchegou.com/empreendimento/oasis-home-resort/
230039,Singular,,,"2023-10-31 13:49:30",empreendimento,https://aconchegou.com/empreendimento/singular/
230070,"Hum Bela vista",,,"2023-10-31 15:32:37",empreendimento,https://aconchegou.com/empreendimento/hum/
230281,"Residencial Aut 2750",,,"2023-11-01 14:41:59",empreendimento,https://aconchegou.com/empreendimento/aut2750/
230347,"HM Smart",,,"2023-11-01 16:26:12",empreendimento,https://aconchegou.com/empreendimento/hm-smart-2/
230365,Epic,,,"2023-11-01 18:10:48",empreendimento,https://aconchegou.com/empreendimento/epic/
230368,"Breeze Residencial",,,"2023-11-01 18:11:03",empreendimento,https://aconchegou.com/empreendimento/breeze-residencial/
230432,"Aquarela Home",,,"2023-11-02 14:33:07",empreendimento,https://aconchegou.com/empreendimento/aquarela-home/
230451,"Raro Vila Isabel",,,"2023-11-02 15:05:21",empreendimento,https://aconchegou.com/empreendimento/raro-vila-isabel/
230470,"Orla Condomínio Praia",,,"2023-11-03 13:39:02",empreendimento,https://aconchegou.com/empreendimento/orla-condominio-praia/
230503,"PIN Osasco",,,"2023-11-03 14:02:30",empreendimento,https://aconchegou.com/empreendimento/bp8-pin-osasco/
230539,"The Way",,,"2023-11-03 16:55:55",empreendimento,https://aconchegou.com/empreendimento/the-way-lacotisse/
230558,Station,,,"2023-11-03 18:23:34",empreendimento,https://aconchegou.com/empreendimento/station-re9/
230584,"Giardino Golf Residenziale",,,"2023-11-04 12:32:50",empreendimento,https://aconchegou.com/empreendimento/bacaba-giardino-golf-residenziale/
230614,"Mix Altino",,,"2023-11-04 12:59:03",empreendimento,https://aconchegou.com/empreendimento/zafir-mix-altino/
230651,"Enjoy Home Club",,,"2023-11-04 13:41:41",empreendimento,https://aconchegou.com/empreendimento/danpris-enjoy-home-club/
230679,"Station 2",,,"2023-11-05 15:45:36",empreendimento,https://aconchegou.com/empreendimento/re9-station-2/
230698,"Sole Bela Vista",,,"2023-11-05 16:51:32",empreendimento,https://aconchegou.com/empreendimento/lacotisse-sole/
230723,Celebra,,,"2023-11-05 17:44:39",empreendimento,https://aconchegou.com/empreendimento/faal-celebra-condominio-clube/
230777,MOBI,,,"2023-11-05 18:43:20",empreendimento,https://aconchegou.com/empreendimento/cr-incorp-mobi/
230778,"Viva RSF",,,"2023-11-05 19:37:16",empreendimento,https://aconchegou.com/empreendimento/rsf-viva/
230824,Look,,,"2023-11-05 20:37:47",empreendimento,https://aconchegou.com/empreendimento/re9-look/
230854,"Lumini Clube Residencial",,,"2023-11-05 23:25:53",empreendimento,https://aconchegou.com/empreendimento/quattro-lumini/
230882,"Bless Armênia",,,"2023-11-06 19:29:42",empreendimento,https://aconchegou.com/empreendimento/rsf-bless-armenia/
230913,"Demais Bela Vista",,,"2023-11-07 14:09:31",empreendimento,https://aconchegou.com/empreendimento/saldanha-construtora-demais-bela-vista/
230948,Seleto,,,"2023-11-07 17:59:20",empreendimento,https://aconchegou.com/empreendimento/faal-seleto/
230964,"Saldanha Park 650",,,"2023-11-07 19:06:07",empreendimento,https://aconchegou.com/empreendimento/grupo-saldanha-park-650/
230983,"Canvas HUB 111",,,"2023-11-07 21:21:08",empreendimento,https://aconchegou.com/empreendimento/canvas-hub-111/
231017,"Ekko Yard",,,"2023-11-08 00:38:02",empreendimento,https://aconchegou.com/empreendimento/ekko-yard/
231041,"Zatz Vitrine",,,"2023-11-08 16:27:41",empreendimento,https://aconchegou.com/empreendimento/zatz-vitrine/
231061,"Zatz Advanced",,,"2023-11-08 16:50:44",empreendimento,https://aconchegou.com/empreendimento/zatz-advanced/
231088,"Ekko Live 3 e 4 Alpha - Casas",,,"2023-11-09 19:23:26",empreendimento,https://aconchegou.com/empreendimento/ekko-live-3-e-4-alpha-casas/
231140,"Ekko Live 3 e 4 Alpha - Apartamentos",,,"2023-11-09 19:49:54",empreendimento,https://aconchegou.com/empreendimento/ekko-live-3-e-4-alpha-apartamentos/
231154,"Icon Residencial",,,"2023-11-09 21:05:05",empreendimento,https://aconchegou.com/empreendimento/ger-residencial-icon-residencial/
231192,"Ekko Outline",,,"2023-11-10 12:16:16",empreendimento,https://aconchegou.com/empreendimento/outline-by-ekko-group-osasco/
231236,"Vista Golf",,,"2023-11-12 23:58:02",empreendimento,https://aconchegou.com/empreendimento/vista-golf-by-ekko-group-osasco/
231305,"Ekko Alto da Mata",,,"2023-11-13 14:40:23",empreendimento,https://aconchegou.com/empreendimento/ekko-group-osasco-alto-da-mata/
231337,"Reserva Golf Residencial",,,"2023-11-14 03:44:06",empreendimento,https://aconchegou.com/empreendimento/ekko-group-residencial-reserva-golf/
231429,"Smart Flow",,,"2023-11-14 16:01:20",empreendimento,https://aconchegou.com/empreendimento/ekko-smart-flow/
231457,"Smart Connect",,,"2023-11-14 16:31:48",empreendimento,https://aconchegou.com/empreendimento/ekko-smart-connect/
231484,"Smart Golf",,,"2023-11-14 17:18:52",empreendimento,https://aconchegou.com/empreendimento/ekko-smart-golf/
231590,"Smart Sky",,,"2023-11-16 15:45:24",empreendimento,https://aconchegou.com/empreendimento/ekko-smart-sky/
231617,"Smart Moment",,,"2023-11-16 18:22:20",empreendimento,https://aconchegou.com/empreendimento/ekko-smart-moment/
231647,"Smart Soul",,,"2023-11-16 18:51:43",empreendimento,https://aconchegou.com/empreendimento/ekko-smart-soul/
232001,Florà,,,"2023-12-07 19:27:48",empreendimento,https://aconchegou.com/empreendimento/mpd-flora-2/
232034,"We Novo Osasco",,,"2023-12-08 23:28:21",empreendimento,https://aconchegou.com/empreendimento/georgia-we-novo-osasco/
232049,Ilumini,,,"2023-12-09 01:45:46",empreendimento,https://aconchegou.com/empreendimento/concel-ilumini-bela-vista/
