Nome,Quartos
"Sunset Itapecuru",
"Neo Alphaville",field_62c736d1a41c6
Signature,
"Ekko Live Alpha One - Casas",field_62c736d1a41c6
"Vista Alta",field_62c736d1a41c6
Vitra,field_62c736d1a41c6
MOB,field_62c736d1a41c6
"Ekko Live Alpha One - Apartamentos",field_62c736d1a41c6
"Ekko Live 2 Alpha Senses",field_62c736d1a41c6
Garden,field_62c736d1a41c6
Altto,field_62c736d1a41c6
Ápice,field_62c736d1a41c6
"Infinity Home Club",field_62c736d1a41c6
Trend,field_62c736d1a41c6
Griffe,field_62c736d1a41c6
Art,field_62c736d1a41c6
"Air Home Clube & Residences",field_62c736d1a41c6
Marcco,field_62c736d1a41c6
Natu,field_62c736d1a41c6
"DUQ Central Houses",field_62c736d1a41c6
"Canto da Mata",field_62c736d1a41c6
"Alto da Mata",field_62c736d1a41c6
Iconic,field_62c736d1a41c6
"Helbor New Patteo",field_62c736d1a41c6
Legend,field_62c736d1a41c6
Fiori,field_62c736d1a41c6
Shape,
"On The Park",field_62c736d1a41c6
Oásis,field_62c736d1a41c6
Singular,field_62c736d1a41c6
"Hum Bela vista",field_62c736d1a41c6
"Residencial Aut 2750",field_62c736d1a41c6
"HM Smart",field_62c736d1a41c6
Epic,field_62c736d1a41c6
"Breeze Residencial",field_62c736d1a41c6
"Aquarela Home",field_62c736d1a41c6
"Raro Vila Isabel",field_62c736d1a41c6
"Orla Condomínio Praia",field_62c736d1a41c6
"PIN Osasco",field_62c736d1a41c6
"The Way",field_62c736d1a41c6
Station,field_62c736d1a41c6
"Giardino Golf Residenziale",field_62c736d1a41c6
"Mix Altino",field_62c736d1a41c6
"Enjoy Home Club",field_62c736d1a41c6
"Station 2",field_62c736d1a41c6
"Sole Bela Vista",field_62c736d1a41c6
Celebra,field_62c736d1a41c6
MOBI,field_62c736d1a41c6
"Viva RSF",field_62c736d1a41c6
Look,field_62c736d1a41c6
"Lumini Clube Residencial",field_62c736d1a41c6
"Bless Armênia",field_62c736d1a41c6
"Demais Bela Vista",field_62c736d1a41c6
Seleto,field_62c736d1a41c6
"Saldanha Park 650",field_62c736d1a41c6
"Canvas HUB 111",field_62c736d1a41c6
"Ekko Yard",field_62c736d1a41c6
"Zatz Vitrine",field_62c736d1a41c6
"Zatz Advanced",field_62c736d1a41c6
"Ekko Live 3 e 4 Alpha - Casas",field_62c736d1a41c6
"Ekko Live 3 e 4 Alpha - Apartamentos",field_62c736d1a41c6
"Icon Residencial",field_62c736d1a41c6
"Ekko Outline",field_62c736d1a41c6
"Vista Golf",field_62c736d1a41c6
"Ekko Alto da Mata",field_62c736d1a41c6
"Alto da Mata",field_62c736d1a41c6
"Reserva Golf Residencial",field_62c736d1a41c6
"Smart Flow",field_62c736d1a41c6
"Smart Connect",field_62c736d1a41c6
"Smart Golf",field_62c736d1a41c6
"Smart Sky",field_62c736d1a41c6
"Smart Moment",field_62c736d1a41c6
"Smart Soul",field_62c736d1a41c6
Florà,field_62c736d1a41c6
